device_key,device_mac,cow_id,session_id,cache_key,frames,status,source,issues,raw_frames,resampled_frames,continuous_segments,hours,samples,dense_points
546C50CA01F1-20201-3,546C50CA01F1,20201-3,2026-07-27 16_30_52,546C50CA01F1_2026_07_27_16_30_52_9ca89daf39,179101.0,included,supervised_cache/session_cache,,,,,,,
546C50CA01F1-20201-3,546C50CA01F1,20201-3,2026-07-27 18_42_44,546C50CA01F1_2026_07_27_18_42_44_0fa6abab0d,179308.0,included,supervised_cache/session_cache,,,,,,,
546C50CA01F1-20201-3,546C50CA01F1,20201-3,2026-07-28 00_15_03,546C50CA01F1_2026_07_28_00_15_03_ff22d917cb,179307.0,included,supervised_cache/session_cache,,,,,,,
546C50CA01F1-20201-3,546C50CA01F1,20201-3,2026-07-28 02_26_42,546C50CA01F1_2026_07_28_02_26_42_376c1f328a,179307.0,included,supervised_cache/session_cache,,,,,,,
546C50CA01F1-20201-3,546C50CA01F1,20201-3,2026-07-28 03_32_35,546C50CA01F1_2026_07_28_03_32_35_5dc2168fce,179310.0,included,supervised_cache/session_cache,,,,,,,
546C50CA01F1-20201-3,546C50CA01F1,20201-3,2026-07-28 04_38_21,546C50CA01F1_2026_07_28_04_38_21_dc7e29aff7,179307.0,included,supervised_cache/session_cache,,,,,,,
546C50CA01F1-20201-3,546C50CA01F1,20201-3,2026-07-28 05_44_10,546C50CA01F1_2026_07_28_05_44_10_6c14565b9a,179306.0,included,supervised_cache/session_cache,,,,,,,
546C50CA01F1-20201-3,546C50CA01F1,20201-3,2026-07-28 06_50_04,546C50CA01F1_2026_07_28_06_50_04_f58ab705c5,179307.0,included,supervised_cache/session_cache,,,,,,,
546C50CA01F1-20201-3,546C50CA01F1,20201-3,2026-07-28 07_55_58,546C50CA01F1_2026_07_28_07_55_58_e4f7f55bf4,179307.0,included,supervised_cache/session_cache,,,,,,,
546C50CA01F1-20201-3,546C50CA01F1,20201-3,2026-07-28 09_01_51,546C50CA01F1_2026_07_28_09_01_51_5c80516d8c,179306.0,included,supervised_cache/session_cache,,,,,,,
546C50CA01F1-20201-3,546C50CA01F1,20201-3,2026-07-28 10_07_41,546C50CA01F1_2026_07_28_10_07_41_e158f20d18,179305.0,included,supervised_cache/session_cache,,,,,,,
546C50CA01F1-20201-3,546C50CA01F1,20201-3,2026-07-28 11_13_43,546C50CA01F1_2026_07_28_11_13_43_898b994036,179301.0,included,supervised_cache/session_cache,,,,,,,
546C50CA01F1-20201-3,546C50CA01F1,20201-3,2026-07-28 12_19_46,546C50CA01F1_2026_07_28_12_19_46_33c3286010,179306.0,included,supervised_cache/session_cache,,,,,,,
546C50CA01F1-20201-3,546C50CA01F1,20201-3,2026-07-28 13_25_36,546C50CA01F1_2026_07_28_13_25_36_12aaf93344,179307.0,included,supervised_cache/session_cache,,,,,,,
546C50CA01F1-20201-3,546C50CA01F1,20201-3,2026-07-28 14_31_31,546C50CA01F1_2026_07_28_14_31_31_8ed1bf51ce,179311.0,included,supervised_cache/session_cache,,,,,,,
546C50CA01F1-20201-3,546C50CA01F1,20201-3,2026-07-28 15_37_38,546C50CA01F1_2026_07_28_15_37_38_4036d6b2c1,179306.0,included,supervised_cache/session_cache,,,,,,,
546C50CA01F1-20201-3,546C50CA01F1,20201-3,2026-07-28 16_44_10,546C50CA01F1_2026_07_28_16_44_10_6b15cf7aa1,179299.0,included,supervised_cache/session_cache,,,,,,,
546C50CA01F1-20201-3,546C50CA01F1,20201-3,2026-07-28 17_50_25,546C50CA01F1_2026_07_28_17_50_25_378d8c32b9,179308.0,included,supervised_cache/session_cache,,,,,,,
546C50CA01F1-20201-3,546C50CA01F1,20201-3,2026-07-28 18_57_09,546C50CA01F1_2026_07_28_18_57_09_24ef80246a,179305.0,included,supervised_cache/session_cache,,,,,,,
546C50CA01F1-20201-3,546C50CA01F1,20201-3,2026-07-28 20_02_56,546C50CA01F1_2026_07_28_20_02_56_ee3f194d1b,179304.0,included,supervised_cache/session_cache,,,,,,,
546C50CA01F1-20201-3,546C50CA01F1,20201-3,2026-07-28 21_08_29,546C50CA01F1_2026_07_28_21_08_29_ff738fec4a,179306.0,included,supervised_cache/session_cache,,,,,,,
546C50CA01F1-20201-3,546C50CA01F1,20201-3,2026-07-28 22_14_53,546C50CA01F1_2026_07_28_22_14_53_52b897f256,179308.0,included,supervised_cache/session_cache,,,,,,,
546C50CA01F1-20201-3,546C50CA01F1,20201-3,2026-07-28 23_20_42,546C50CA01F1_2026_07_28_23_20_42_096b4e1268,179308.0,included,supervised_cache/session_cache,,,,,,,
546C50CA07D0-21074-1,546C50CA07D0,21074-1,2026-07-27 16_30_53,546C50CA07D0_2026_07_27_16_30_53_f06b5eaec0,179313.0,included,supervised_cache/session_cache,,,,,,,
546C50CA07D0-21074-1,546C50CA07D0,21074-1,2026-07-27 17_37_11,546C50CA07D0_2026_07_27_17_37_11_819eb0ea76,179311.0,included,supervised_cache/session_cache,,,,,,,
546C50CA07D0-21074-1,546C50CA07D0,21074-1,2026-07-27 18_43_20,546C50CA07D0_2026_07_27_18_43_20_c7f5e78443,179311.0,included,supervised_cache/session_cache,,,,,,,
546C50CA07D0-21074-1,546C50CA07D0,21074-1,2026-07-27 19_54_10,546C50CA07D0_2026_07_27_19_54_10_8c6d634a31,179671.0,included,supervised_cache/session_cache,,,,,,,
546C50CA07D0-21074-1,546C50CA07D0,21074-1,2026-07-27 21_00_29,546C50CA07D0_2026_07_27_21_00_29_037ff4a171,179675.0,included,supervised_cache/session_cache,,,,,,,
546C50CA07D0-21074-1,546C50CA07D0,21074-1,2026-07-27 22_06_57,546C50CA07D0_2026_07_27_22_06_57_b0e6104705,179672.0,included,supervised_cache/session_cache,,,,,,,
546C50CA07D0-21074-1,546C50CA07D0,21074-1,2026-07-27 23_14_03,546C50CA07D0_2026_07_27_23_14_03_e93619f705,179674.0,included,supervised_cache/session_cache,,,,,,,
546C50CA07D0-21074-1,546C50CA07D0,21074-1,2026-07-28 00_20_23,546C50CA07D0_2026_07_28_00_20_23_ab8baf3d1b,179671.0,included,supervised_cache/session_cache,,,,,,,
546C50CA07D0-21074-1,546C50CA07D0,21074-1,2026-07-28 01_26_54,546C50CA07D0_2026_07_28_01_26_54_54c4fd5fd6,179673.0,included,supervised_cache/session_cache,,,,,,,
546C50CA07D0-21074-1,546C50CA07D0,21074-1,2026-07-28 02_33_15,546C50CA07D0_2026_07_28_02_33_15_ba1290dc8c,179673.0,included,supervised_cache/session_cache,,,,,,,
546C50CA07D0-21074-1,546C50CA07D0,21074-1,2026-07-28 03_39_37,546C50CA07D0_2026_07_28_03_39_37_e20b073d7d,179671.0,included,supervised_cache/session_cache,,,,,,,
546C50CA07D0-21074-1,546C50CA07D0,21074-1,2026-07-28 04_45_58,546C50CA07D0_2026_07_28_04_45_58_7b5b1de448,179675.0,included,supervised_cache/session_cache,,,,,,,
546C50CA07D0-21074-1,546C50CA07D0,21074-1,2026-07-28 05_52_04,546C50CA07D0_2026_07_28_05_52_04_63d744aad4,179670.0,included,supervised_cache/session_cache,,,,,,,
546C50CA07D0-21074-1,546C50CA07D0,21074-1,2026-07-28 06_58_05,546C50CA07D0_2026_07_28_06_58_05_a812b30b25,179669.0,included,supervised_cache/session_cache,,,,,,,
546C50CA07D0-21074-1,546C50CA07D0,21074-1,2026-07-28 08_04_18,546C50CA07D0_2026_07_28_08_04_18_2c96a90405,179676.0,included,supervised_cache/session_cache,,,,,,,
546C50CA07D0-21074-1,546C50CA07D0,21074-1,2026-07-28 09_10_45,546C50CA07D0_2026_07_28_09_10_45_ba12dc02f9,179676.0,included,supervised_cache/session_cache,,,,,,,
546C50CA07D0-21074-1,546C50CA07D0,21074-1,2026-07-28 10_16_56,546C50CA07D0_2026_07_28_10_16_56_9d636deba2,179675.0,included,supervised_cache/session_cache,,,,,,,
546C50CA07D0-21074-1,546C50CA07D0,21074-1,2026-07-28 11_22_58,546C50CA07D0_2026_07_28_11_22_58_5ea0c7282f,179673.0,included,supervised_cache/session_cache,,,,,,,
546C50CA07D0-21074-1,546C50CA07D0,21074-1,2026-07-28 12_28_50,546C50CA07D0_2026_07_28_12_28_50_6dcb6350de,179673.0,included,supervised_cache/session_cache,,,,,,,
546C50CA07D0-21074-1,546C50CA07D0,21074-1,2026-07-28 13_35_10,546C50CA07D0_2026_07_28_13_35_10_dd52f491f4,179677.0,included,supervised_cache/session_cache,,,,,,,
546C50CA07D0-21074-1,546C50CA07D0,21074-1,2026-07-28 14_41_29,546C50CA07D0_2026_07_28_14_41_29_68adf4fe7f,179674.0,included,supervised_cache/session_cache,,,,,,,
546C50CA07D0-21074-1,546C50CA07D0,21074-1,2026-07-28 15_47_42,546C50CA07D0_2026_07_28_15_47_42_0937040e62,179667.0,included,supervised_cache/session_cache,,,,,,,
546C50CA07D0-21074-1,546C50CA07D0,21074-1,2026-07-28 16_53_58,546C50CA07D0_2026_07_28_16_53_58_f4936e5f5c,179673.0,included,supervised_cache/session_cache,,,,,,,
546C50CA07D0-21074-1,546C50CA07D0,21074-1,2026-07-28 18_00_15,546C50CA07D0_2026_07_28_18_00_15_195a78a3b6,179672.0,included,supervised_cache/session_cache,,,,,,,
546C50CA07D0-21074-1,546C50CA07D0,21074-1,2026-07-28 19_06_15,546C50CA07D0_2026_07_28_19_06_15_74ad73a9af,179670.0,included,supervised_cache/session_cache,,,,,,,
546C50CA07D0-21074-1,546C50CA07D0,21074-1,2026-07-28 20_12_25,546C50CA07D0_2026_07_28_20_12_25_fb2146f097,179672.0,included,supervised_cache/session_cache,,,,,,,
546C50CA07D0-21074-1,546C50CA07D0,21074-1,2026-07-28 21_18_41,546C50CA07D0_2026_07_28_21_18_41_7ded788b3a,179669.0,included,supervised_cache/session_cache,,,,,,,
546C50CA07D0-21074-1,546C50CA07D0,21074-1,2026-07-28 22_25_06,546C50CA07D0_2026_07_28_22_25_06_5ffadc099a,179673.0,included,supervised_cache/session_cache,,,,,,,
546C50CA07D0-21074-1,546C50CA07D0,21074-1,2026-07-28 23_31_05,546C50CA07D0_2026_07_28_23_31_05_c5f4b3d2f0,179673.0,included,supervised_cache/session_cache,,,,,,,
546C50CA07D0-21074-1,546C50CA07D0,21074-1,2026-07-29 00_37_26,546C50CA07D0_2026_07_29_00_37_26_dbac6ed583,179669.0,included,supervised_cache/session_cache,,,,,,,
546C50CA07D0-21074-1,546C50CA07D0,21074-1,2026-07-29 01_43_28,546C50CA07D0_2026_07_29_01_43_28_a45cb7ff73,179671.0,included,supervised_cache/session_cache,,,,,,,
546C50CA07D0-21074-1,546C50CA07D0,21074-1,2026-07-29 02_49_42,546C50CA07D0_2026_07_29_02_49_42_1d89480290,179674.0,included,supervised_cache/session_cache,,,,,,,
546C50CA07D0-21074-1,546C50CA07D0,21074-1,2026-07-29 03_55_44,546C50CA07D0_2026_07_29_03_55_44_04a1de3c1a,179672.0,included,supervised_cache/session_cache,,,,,,,
546C50CA07D0-21074-1,546C50CA07D0,21074-1,2026-07-29 05_02_01,546C50CA07D0_2026_07_29_05_02_01_a7f472f10f,179678.0,included,supervised_cache/session_cache,,,,,,,
546C50CA07D0-21074-1,546C50CA07D0,21074-1,2026-07-29 06_08_08,546C50CA07D0_2026_07_29_06_08_08_8b53b16a5d,179668.0,included,supervised_cache/session_cache,,,,,,,
546C50CA07D0-21074-1,546C50CA07D0,21074-1,2026-07-29 07_14_23,546C50CA07D0_2026_07_29_07_14_23_a768389192,179673.0,included,supervised_cache/session_cache,,,,,,,
546C50CA07D0-21074-1,546C50CA07D0,21074-1,2026-07-29 08_20_35,546C50CA07D0_2026_07_29_08_20_35_6ef3570c83,179675.0,included,supervised_cache/session_cache,,,,,,,
546C50CA07D0-21074-1,546C50CA07D0,21074-1,2026-07-29 09_26_42,546C50CA07D0_2026_07_29_09_26_42_84baf8dac5,179668.0,included,supervised_cache/session_cache,,,,,,,
546C50CA07D0-21074-1,546C50CA07D0,21074-1,2026-07-29 10_33_02,546C50CA07D0_2026_07_29_10_33_02_5d4d8876db,179668.0,included,supervised_cache/session_cache,,,,,,,
546C50CA07D0-21074-1,546C50CA07D0,21074-1,2026-07-29 11_39_28,546C50CA07D0_2026_07_29_11_39_28_1532667b62,179669.0,included,supervised_cache/session_cache,,,,,,,
546C50CA07D0-21074-1,546C50CA07D0,21074-1,2026-07-29 12_45_38,546C50CA07D0_2026_07_29_12_45_38_c95d6f4663,179670.0,included,supervised_cache/session_cache,,,,,,,
546C50CA07D0-21074-1,546C50CA07D0,21074-1,2026-07-29 13_52_03,546C50CA07D0_2026_07_29_13_52_03_3cf305f202,179676.0,included,supervised_cache/session_cache,,,,,,,
546C50CA07DE-23489-8,546C50CA07DE,23489-8,2026-07-29 17_49_54,546C50CA07DE_2026_07_29_17_49_54_b490c437c1,179309.0,included,supervised_cache/session_cache,,,,,,,
546C50CA07F2-23509-9,546C50CA07F2,23509-9,2026-07-29 16_43_51,546C50CA07F2_2026_07_29_16_43_51_9d623a6cf6,179330.0,included,supervised_cache/session_cache,,,,,,,
546C50CA07F2-23509-9,546C50CA07F2,23509-9,2026-07-29 17_50_27,546C50CA07F2_2026_07_29_17_50_27_140eae90e1,179326.0,included,supervised_cache/session_cache,,,,,,,
546C50CA07F2-23509-9,546C50CA07F2,23509-9,2026-07-29 18_57_11,546C50CA07F2_2026_07_29_18_57_11_12671f185a,179326.0,included,supervised_cache/session_cache,,,,,,,
546C50CA07F2-23509-9,546C50CA07F2,23509-9,2026-07-29 20_03_53,546C50CA07F2_2026_07_29_20_03_53_c8a85a1867,179326.0,included,supervised_cache/session_cache,,,,,,,
546C50CA07F2-23509-9,546C50CA07F2,23509-9,2026-07-29 21_10_26,546C50CA07F2_2026_07_29_21_10_26_e4e403ad05,179323.0,included,supervised_cache/session_cache,,,,,,,
546C50CA07F2-23509-9,546C50CA07F2,23509-9,2026-07-29 22_17_21,546C50CA07F2_2026_07_29_22_17_21_4bd09a953b,179326.0,included,supervised_cache/session_cache,,,,,,,
546C50CA07F2-23509-9,546C50CA07F2,23509-9,2026-07-29 23_24_00,546C50CA07F2_2026_07_29_23_24_00_0446d8f7af,179327.0,included,supervised_cache/session_cache,,,,,,,
546C50CA07F2-23509-9,546C50CA07F2,23509-9,2026-07-30 00_30_38,546C50CA07F2_2026_07_30_00_30_38_339de01124,179325.0,included,supervised_cache/session_cache,,,,,,,
546C50CA07F2-23509-9,546C50CA07F2,23509-9,2026-07-30 01_37_41,546C50CA07F2_2026_07_30_01_37_41_6af74ea63f,179327.0,included,supervised_cache/session_cache,,,,,,,
546C50CA07F2-23509-9,546C50CA07F2,23509-9,2026-07-30 03_51_15,546C50CA07F2_2026_07_30_03_51_15_9f6e9e244b,179324.0,included,supervised_cache/session_cache,,,,,,,
546C50CA07F2-23509-9,546C50CA07F2,23509-9,2026-07-30 07_12_10,546C50CA07F2_2026_07_30_07_12_10_79e3f90c1f,179312.0,included,supervised_cache/session_cache,,,,,,,
546C50CA07F2-23509-9,546C50CA07F2,23509-9,2026-07-30 08_18_33,546C50CA07F2_2026_07_30_08_18_33_ba619b26e4,179309.0,included,supervised_cache/session_cache,,,,,,,
546C50CA07F2-23509-9,546C50CA07F2,23509-9,2026-07-30 10_31_33,546C50CA07F2_2026_07_30_10_31_33_512de058d4,179311.0,included,supervised_cache/session_cache,,,,,,,
546C50CA07F2-23509-9,546C50CA07F2,23509-9,2026-07-30 11_37_40,546C50CA07F2_2026_07_30_11_37_40_428302b361,179306.0,included,supervised_cache/session_cache,,,,,,,
546C50CA07F2-23509-9,546C50CA07F2,23509-9,2026-07-30 12_43_53,546C50CA07F2_2026_07_30_12_43_53_dfd4ae659a,179302.0,included,supervised_cache/session_cache,,,,,,,
546C50CA07F2-23509-9,546C50CA07F2,23509-9,2026-07-30 13_50_04,546C50CA07F2_2026_07_30_13_50_04_bb476534fa,179305.0,included,supervised_cache/session_cache,,,,,,,
546C50CA07F2-23509-9,546C50CA07F2,23509-9,2026-07-30 14_56_06,546C50CA07F2_2026_07_30_14_56_06_5974facc02,179306.0,included,supervised_cache/session_cache,,,,,,,
546C50CA07F2-23509-9,546C50CA07F2,23509-9,2026-07-30 16_02_17,546C50CA07F2_2026_07_30_16_02_17_9c9a0db717,179301.0,included,supervised_cache/session_cache,,,,,,,
546C50CA07F2-23509-9,546C50CA07F2,23509-9,2026-07-30 18_15_08,546C50CA07F2_2026_07_30_18_15_08_a20d7d3f45,179307.0,included,supervised_cache/session_cache,,,,,,,
546C50CA07F2-23509-9,546C50CA07F2,23509-9,2026-07-31 08_48_12,546C50CA07F2_2026_07_31_08_48_12_852d62c507,179308.0,included,supervised_cache/session_cache,,,,,,,
546C50CA07F2-23509-9,546C50CA07F2,23509-9,2026-07-31 09_54_04,546C50CA07F2_2026_07_31_09_54_04_bd330b16cb,179310.0,included,supervised_cache/session_cache,,,,,,,
546C50CA07F2-23509-9,546C50CA07F2,23509-9,2026-07-31 11_00_20,546C50CA07F2_2026_07_31_11_00_20_bf0affcace,179307.0,included,supervised_cache/session_cache,,,,,,,
546C50CA07F2-23509-9,546C50CA07F2,23509-9,2026-07-31 12_06_09,546C50CA07F2_2026_07_31_12_06_09_484742ac19,179304.0,included,supervised_cache/session_cache,,,,,,,
546C50CA07F2-23509-9,546C50CA07F2,23509-9,2026-07-31 13_12_10,546C50CA07F2_2026_07_31_13_12_10_65e8966b8f,179311.0,included,supervised_cache/session_cache,,,,,,,
546C50CA07F2-23509-9,546C50CA07F2,23509-9,2026-07-31 14_18_11,546C50CA07F2_2026_07_31_14_18_11_3c345e20ea,179321.0,included,supervised_cache/session_cache,,,,,,,
546C50CA07F2-23509-9,546C50CA07F2,23509-9,2026-07-31 16_30_27,546C50CA07F2_2026_07_31_16_30_27_9a4f4900bf,179328.0,included,supervised_cache/session_cache,,,,,,,
546C50CA07F2-23509-9,546C50CA07F2,23509-9,2026-07-31 18_42_33,546C50CA07F2_2026_07_31_18_42_33_2cfcc5d5e5,179320.0,included,supervised_cache/session_cache,,,,,,,
546C50CA07F2-23509-9,546C50CA07F2,23509-9,2026-07-31 19_48_32,546C50CA07F2_2026_07_31_19_48_32_9159cb59bd,179326.0,included,supervised_cache/session_cache,,,,,,,
546C50CA07F2-23509-9,546C50CA07F2,23509-9,2026-07-31 20_54_38,546C50CA07F2_2026_07_31_20_54_38_a84abf825f,179324.0,included,supervised_cache/session_cache,,,,,,,
546C50CA07F2-23509-9,546C50CA07F2,23509-9,2026-07-31 22_00_33,546C50CA07F2_2026_07_31_22_00_33_97c6014d1e,179323.0,included,supervised_cache/session_cache,,,,,,,
546C50CA07F2-23509-9,546C50CA07F2,23509-9,2026-07-31 23_06_26,546C50CA07F2_2026_07_31_23_06_26_91ab1b575f,179328.0,included,supervised_cache/session_cache,,,,,,,
546C50CA07F2-23509-9,546C50CA07F2,23509-9,2026-08-01 00_12_33,546C50CA07F2_2026_08_01_00_12_33_08c9f043ae,179325.0,included,supervised_cache/session_cache,,,,,,,
546C50CA07F2-23509-9,546C50CA07F2,23509-9,2026-08-01 01_18_34,546C50CA07F2_2026_08_01_01_18_34_774457b6c7,179324.0,included,supervised_cache/session_cache,,,,,,,
546C50CA07F2-23509-9,546C50CA07F2,23509-9,2026-08-01 02_24_47,546C50CA07F2_2026_08_01_02_24_47_6f21d1650f,179320.0,included,supervised_cache/session_cache,,,,,,,
546C50CA07F2-23509-9,546C50CA07F2,23509-9,2026-08-01 03_31_09,546C50CA07F2_2026_08_01_03_31_09_909a57aa69,179322.0,included,supervised_cache/session_cache,,,,,,,
546C50CA07F2-23509-9,546C50CA07F2,23509-9,2026-08-01 04_37_27,546C50CA07F2_2026_08_01_04_37_27_8bfaeeab85,179329.0,included,supervised_cache/session_cache,,,,,,,
546C50CA07F2-23509-9,546C50CA07F2,23509-9,2026-08-01 05_43_35,546C50CA07F2_2026_08_01_05_43_35_2069589872,179321.0,included,supervised_cache/session_cache,,,,,,,
546C50CA07F2-23509-9,546C50CA07F2,23509-9,2026-08-01 06_49_45,546C50CA07F2_2026_08_01_06_49_45_ec93e3a4ff,179325.0,included,supervised_cache/session_cache,,,,,,,
546C50CA07F2-23509-9,546C50CA07F2,23509-9,2026-08-01 10_08_56,546C50CA07F2_2026_08_01_10_08_56_ddadcb3215,179321.0,included,supervised_cache/session_cache,,,,,,,
546C50CA07F2-23509-9,546C50CA07F2,23509-9,2026-08-01 11_15_03,546C50CA07F2_2026_08_01_11_15_03_27154fec9c,179320.0,included,supervised_cache/session_cache,,,,,,,
546C50CA07F2-23509-9,546C50CA07F2,23509-9,2026-08-01 12_20_57,546C50CA07F2_2026_08_01_12_20_57_e3424eb0c3,179324.0,included,supervised_cache/session_cache,,,,,,,
546C50CA07F2-23509-9,546C50CA07F2,23509-9,2026-08-01 14_33_16,546C50CA07F2_2026_08_01_14_33_16_966c44ef1a,179322.0,included,supervised_cache/session_cache,,,,,,,
546C50CA07F2-23509-9,546C50CA07F2,23509-9,2026-08-01 15_39_24,546C50CA07F2_2026_08_01_15_39_24_23ea9be2c2,179324.0,included,supervised_cache/session_cache,,,,,,,
546C50CA07F2-23509-9,546C50CA07F2,23509-9,2026-08-01 16_45_38,546C50CA07F2_2026_08_01_16_45_38_4d4d361cf6,179329.0,included,supervised_cache/session_cache,,,,,,,
546C50CA07F2-23509-9,546C50CA07F2,23509-9,2026-08-01 17_51_31,546C50CA07F2_2026_08_01_17_51_31_78cc6899d4,179322.0,included,supervised_cache/session_cache,,,,,,,
546C50CA07F2-23509-9,546C50CA07F2,23509-9,2026-08-01 18_57_34,546C50CA07F2_2026_08_01_18_57_34_6fb41cf1b5,179326.0,included,supervised_cache/session_cache,,,,,,,
546C50CA07F2-23509-9,546C50CA07F2,23509-9,2026-08-01 20_03_39,546C50CA07F2_2026_08_01_20_03_39_b5570cd416,179323.0,included,supervised_cache/session_cache,,,,,,,
546C50CA07F2-23509-9,546C50CA07F2,23509-9,2026-08-01 21_09_47,546C50CA07F2_2026_08_01_21_09_47_44dc4ac4a1,179320.0,included,supervised_cache/session_cache,,,,,,,
546C50CA07F2-23509-9,546C50CA07F2,23509-9,2026-08-01 22_15_45,546C50CA07F2_2026_08_01_22_15_45_27ca57ab0c,179323.0,included,supervised_cache/session_cache,,,,,,,
546C50CA07F2-23509-9,546C50CA07F2,23509-9,2026-08-01 23_22_08,546C50CA07F2_2026_08_01_23_22_08_bb52a46f7a,179327.0,included,supervised_cache/session_cache,,,,,,,
546C50CA07F2-23509-9,546C50CA07F2,23509-9,2026-08-02 01_34_29,546C50CA07F2_2026_08_02_01_34_29_86c526728d,179326.0,included,supervised_cache/session_cache,,,,,,,
546C50CA07F2-23509-9,546C50CA07F2,23509-9,2026-08-02 03_46_35,546C50CA07F2_2026_08_02_03_46_35_b3ac05c4c6,179321.0,included,supervised_cache/session_cache,,,,,,,
546C50CA07F2-23509-9,546C50CA07F2,23509-9,2026-08-02 04_53_03,546C50CA07F2_2026_08_02_04_53_03_1443328cfb,179327.0,included,supervised_cache/session_cache,,,,,,,
546C50CA07F2-23509-9,546C50CA07F2,23509-9,2026-08-02 05_59_06,546C50CA07F2_2026_08_02_05_59_06_ab373a2bcc,179321.0,included,supervised_cache/session_cache,,,,,,,
546C50CA07F2-23509-9,546C50CA07F2,23509-9,2026-08-02 07_07_48,546C50CA07F2_2026_08_02_07_07_48_4024bbd9ec,179323.0,included,supervised_cache/session_cache,,,,,,,
546C50CA090B-21100-10,546C50CA090B,21100-10,2026-07-29 16_41_41,546C50CA090B_2026_07_29_16_41_41_304f6bc1e1,179304.0,included,supervised_cache/session_cache,,,,,,,
546C50CA090B-21100-10,546C50CA090B,21100-10,2026-07-29 17_47_36,546C50CA090B_2026_07_29_17_47_36_4cbb7b4904,179309.0,included,supervised_cache/session_cache,,,,,,,
546C50CA090B-21100-10,546C50CA090B,21100-10,2026-07-29 18_54_32,546C50CA090B_2026_07_29_18_54_32_3b91f7efb1,179308.0,included,supervised_cache/session_cache,,,,,,,
546C50CA090B-21100-10,546C50CA090B,21100-10,2026-07-29 20_00_47,546C50CA090B_2026_07_29_20_00_47_a79b01b930,179312.0,included,supervised_cache/session_cache,,,,,,,
546C50CA090B-21100-10,546C50CA090B,21100-10,2026-07-30 03_37_23,546C50CA090B_2026_07_30_03_37_23_72a2a25da6,179305.0,included,supervised_cache/session_cache,,,,,,,
546C50CA090B-21100-10,546C50CA090B,21100-10,2026-07-30 04_43_12,546C50CA090B_2026_07_30_04_43_12_ecf0b89404,179309.0,included,supervised_cache/session_cache,,,,,,,
546C50CA090B-21100-10,546C50CA090B,21100-10,2026-07-30 06_54_46,546C50CA090B_2026_07_30_06_54_46_4362e9f526,179309.0,included,supervised_cache/session_cache,,,,,,,
546C50CA090B-21100-10,546C50CA090B,21100-10,2026-07-30 08_00_36,546C50CA090B_2026_07_30_08_00_36_df16ca1f81,179305.0,included,supervised_cache/session_cache,,,,,,,
546C50CA090B-21100-10,546C50CA090B,21100-10,2026-07-30 09_06_26,546C50CA090B_2026_07_30_09_06_26_8532a91fb2,179308.0,included,supervised_cache/session_cache,,,,,,,
546C50CA090B-21100-10,546C50CA090B,21100-10,2026-07-30 10_12_11,546C50CA090B_2026_07_30_10_12_11_974037cd82,179303.0,included,supervised_cache/session_cache,,,,,,,
546C50CA090F-23335-7,546C50CA090F,23335-7,2026-07-29 16_41_57,546C50CA090F_2026_07_29_16_41_57_6d4d78b5a5,179336.0,included,supervised_cache/session_cache,,,,,,,
546C50CA01F1-23381-w1,546C50CA01F1,23381-w1,2026-08-07 10_33_59,546C50CA01F1_2026_08_07_10_33_59_da5da52882,,included,,,179380.0,179325.0,60.0,0.9962,90.0,7200.0
546C50CA01F1-23381-w1,546C50CA01F1,23381-w1,2026-08-07 11_39_51,546C50CA01F1_2026_08_07_11_39_51_7522181e29,,included,,,179385.0,179331.0,60.0,0.9963,197.0,7200.0
546C50CA01F1-23381-w1,546C50CA01F1,23381-w1,2026-08-07 13_51_36,546C50CA01F1_2026_08_07_13_51_36_0c9b83d9ee,,included,,,179380.0,179326.0,60.0,0.9963,185.0,7200.0
546C50CA01F1-23381-w1,546C50CA01F1,23381-w1,2026-08-07 14_57_50,546C50CA01F1_2026_08_07_14_57_50_f687682688,,included,,,179378.0,179320.0,60.0,0.9962,86.0,7200.0
546C50CA01F1-23381-w1,546C50CA01F1,23381-w1,2026-08-07 16_03_43,546C50CA01F1_2026_08_07_16_03_43_0fe72311e3,,included,,,179384.0,179330.0,60.0,0.9963,137.0,7200.0
546C50CA01F1-23381-w1,546C50CA01F1,23381-w1,2026-08-07 22_36_12,546C50CA01F1_2026_08_07_22_36_12_3084d6387e,,included,,,179383.0,179328.0,60.0,0.9963,52.0,7200.0
546C50CA07DF-24178-11,546C50CA07DF,24178-11,2026-08-03 12_14_12,546C50CA07DF_2026_08_03_12_14_12_0c21645184,,included,,,179747.0,179689.0,60.0,0.9983,68.0,7200.0
546C50CA07DF-24178-11,546C50CA07DF,24178-11,2026-08-03 13_20_51,546C50CA07DF_2026_08_03_13_20_51_8800f1e1ed,,included,,,179746.0,179692.0,60.0,0.9983,228.0,7200.0
546C50CA07DF-24178-11,546C50CA07DF,24178-11,2026-08-03 15_34_13,546C50CA07DF_2026_08_03_15_34_13_8f70a7dd98,,included,,,179746.0,179691.0,60.0,0.9983,24.0,7200.0
546C50CA07DF-24178-11,546C50CA07DF,24178-11,2026-08-03 19_55_27,546C50CA07DF_2026_08_03_19_55_27_9e2dad923e,,included,,,179746.0,179689.0,60.0,0.9983,257.0,7200.0
546C50CA07DF-24178-11,546C50CA07DF,24178-11,2026-08-03 23_11_17,546C50CA07DF_2026_08_03_23_11_17_eb6e154022,,included,,,179745.0,179690.0,60.0,0.9983,14.0,7200.0
546C50CA07DF-24178-11,546C50CA07DF,24178-11,2026-08-04 00_17_34,546C50CA07DF_2026_08_04_00_17_34_7eee65b169,,included,,,179747.0,179694.0,60.0,0.9983,166.0,7200.0
546C50CA07DF-24178-11,546C50CA07DF,24178-11,2026-08-04 01_23_58,546C50CA07DF_2026_08_04_01_23_58_f007df207d,,included,,,179746.0,179696.0,60.0,0.9983,23.0,7200.0
546C50CA07DF-24178-11,546C50CA07DF,24178-11,2026-08-04 02_30_17,546C50CA07DF_2026_08_04_02_30_17_da7598e415,,included,,,179747.0,179692.0,60.0,0.9983,158.0,7200.0
546C50CA07DF-24178-11,546C50CA07DF,24178-11,2026-08-04 03_36_43,546C50CA07DF_2026_08_04_03_36_43_089f3171ad,,included,,,179747.0,179697.0,60.0,0.9983,20.0,7200.0
546C50CA07DF-24178-11,546C50CA07DF,24178-11,2026-08-04 04_43_04,546C50CA07DF_2026_08_04_04_43_04_50ab94a356,,included,,,179747.0,179696.0,60.0,0.9983,23.0,7200.0
546C50CA07DF-24178-11,546C50CA07DF,24178-11,2026-08-04 05_49_17,546C50CA07DF_2026_08_04_05_49_17_114ce9b04f,,included,,,179747.0,179692.0,60.0,0.9983,83.0,7200.0
546C50CA07DF-24178-11,546C50CA07DF,24178-11,2026-08-04 09_08_35,546C50CA07DF_2026_08_04_09_08_35_f04d24336b,,included,,,179746.0,179691.0,60.0,0.9983,55.0,7200.0
546C50CA07DF-24178-11,546C50CA07DF,24178-11,2026-08-04 10_15_09,546C50CA07DF_2026_08_04_10_15_09_22dca91ab9,,included,,,179747.0,179689.0,60.0,0.9983,36.0,7200.0
546C50CA07DF-24178-11,546C50CA07DF,24178-11,2026-08-04 11_21_41,546C50CA07DF_2026_08_04_11_21_41_197f5c84da,,included,,,179747.0,179689.0,60.0,0.9983,73.0,7200.0
546C50CA07DF-24178-11,546C50CA07DF,24178-11,2026-08-04 12_28_19,546C50CA07DF_2026_08_04_12_28_19_96993612be,,included,,,179746.0,179687.0,60.0,0.9983,142.0,7200.0
546C50CA07DF-24178-11,546C50CA07DF,24178-11,2026-08-04 13_34_53,546C50CA07DF_2026_08_04_13_34_53_d1a45fd678,,included,,,179747.0,179689.0,60.0,0.9983,9.0,7200.0
546C50CA07DF-24178-11,546C50CA07DF,24178-11,2026-08-04 14_41_29,546C50CA07DF_2026_08_04_14_41_29_d8a79dc8fb,,included,,,179747.0,179693.0,60.0,0.9983,73.0,7200.0
546C50CA07DF-24178-11,546C50CA07DF,24178-11,2026-08-04 15_47_54,546C50CA07DF_2026_08_04_15_47_54_79076fb723,,included,,,179747.0,179693.0,60.0,0.9983,16.0,7200.0
546C50CA07DF-24178-11,546C50CA07DF,24178-11,2026-08-04 18_00_40,546C50CA07DF_2026_08_04_18_00_40_6e0454f385,,included,,,179745.0,179686.0,60.0,0.9983,213.0,7200.0
546C50CA07DF-24178-11,546C50CA07DF,24178-11,2026-08-04 23_26_44,546C50CA07DF_2026_08_04_23_26_44_23642378d3,,included,,,179742.0,179684.0,60.0,0.9982,28.0,7200.0
546C50CA090D-23335-7,546C50CA090D,23335-7,2026-08-03 12_45_17,546C50CA090D_2026_08_03_12_45_17_9ce047deb2,,included,,,179750.0,179696.0,60.0,0.9983,300.0,7200.0
546C50CA090D-23335-7,546C50CA090D,23335-7,2026-08-03 14_58_13,546C50CA090D_2026_08_03_14_58_13_2d01fce191,,included,,,179747.0,179693.0,60.0,0.9983,116.0,7200.0
546C50CA090D-23335-7,546C50CA090D,23335-7,2026-08-03 16_04_16,546C50CA090D_2026_08_03_16_04_16_59d9c0ea05,,included,,,179746.0,179691.0,60.0,0.9983,172.0,7200.0
546C50CA090D-23335-7,546C50CA090D,23335-7,2026-08-03 18_16_11,546C50CA090D_2026_08_03_18_16_11_ceacf12622,,included,,,179747.0,179690.0,60.0,0.9983,176.0,7200.0
546C50CA090D-23335-7,546C50CA090D,23335-7,2026-08-03 21_35_32,546C50CA090D_2026_08_03_21_35_32_08a0d8a8dc,,included,,,179749.0,179694.0,60.0,0.9983,86.0,7200.0
546C50CA090D-23335-7,546C50CA090D,23335-7,2026-08-03 22_41_49,546C50CA090D_2026_08_03_22_41_49_57d4477299,,included,,,179746.0,179689.0,60.0,0.9983,25.0,7200.0
546C50CA090D-23335-7,546C50CA090D,23335-7,2026-08-03 23_47_49,546C50CA090D_2026_08_03_23_47_49_d870b2c97f,,included,,,179747.0,179688.0,60.0,0.9983,88.0,7200.0
546C50CA090D-23335-7,546C50CA090D,23335-7,2026-08-04 00_53_52,546C50CA090D_2026_08_04_00_53_52_43e8b8cab1,,included,,,179747.0,179691.0,60.0,0.9983,16.0,7200.0
546C50CA090D-23335-7,546C50CA090D,23335-7,2026-08-04 01_59_52,546C50CA090D_2026_08_04_01_59_52_f7e2d012a7,,included,,,179746.0,179690.0,60.0,0.9983,15.0,7200.0
546C50CA090D-23335-7,546C50CA090D,23335-7,2026-08-04 03_05_49,546C50CA090D_2026_08_04_03_05_49_cafa50efd4,,included,,,179747.0,179688.0,60.0,0.9983,74.0,7200.0
546C50CA090D-23335-7,546C50CA090D,23335-7,2026-08-04 05_17_58,546C50CA090D_2026_08_04_05_17_58_75d9508ce7,,included,,,179746.0,179690.0,60.0,0.9983,137.0,7200.0
546C50CA090D-23335-7,546C50CA090D,23335-7,2026-08-04 10_45_17,546C50CA090D_2026_08_04_10_45_17_ef7a61811f,,included,,,179747.0,179694.0,60.0,0.9983,95.0,7200.0
546C50CA090D-23335-7,546C50CA090D,23335-7,2026-08-04 11_51_08,546C50CA090D_2026_08_04_11_51_08_169d01631c,,included,,,179747.0,179687.0,60.0,0.9983,105.0,7200.0
546C50CA090D-23335-7,546C50CA090D,23335-7,2026-08-04 12_57_22,546C50CA090D_2026_08_04_12_57_22_7255dc0cf8,,included,,,179747.0,179689.0,60.0,0.9983,129.0,7200.0
546C50CA090D-23335-7,546C50CA090D,23335-7,2026-08-04 17_21_19,546C50CA090D_2026_08_04_17_21_19_6f89516521,,included,,,179747.0,179691.0,60.0,0.9983,60.0,7200.0
546C50CA090D-23335-7,546C50CA090D,23335-7,2026-08-04 18_27_11,546C50CA090D_2026_08_04_18_27_11_c04d0a949e,,included,,,179751.0,179696.0,60.0,0.9983,104.0,7200.0
546C50CA090D-23335-7,546C50CA090D,23335-7,2026-08-04 19_33_34,546C50CA090D_2026_08_04_19_33_34_6b046b9739,,included,,,179746.0,179686.0,60.0,0.9983,65.0,7200.0
546C50CA090D-23335-7,546C50CA090D,23335-7,2026-08-04 20_39_20,546C50CA090D_2026_08_04_20_39_20_df64b7f63c,,included,,,179746.0,179691.0,60.0,0.9983,87.0,7200.0
546C50CA090D-23335-7,546C50CA090D,23335-7,2026-08-04 21_46_47,546C50CA090D_2026_08_04_21_46_47_f4cc286366,,included,,,179750.0,179692.0,60.0,0.9983,108.0,7200.0
546C50CA090D-23335-7,546C50CA090D,23335-7,2026-08-04 22_53_06,546C50CA090D_2026_08_04_22_53_06_9ca4b7abe4,,included,,,179750.0,179697.0,60.0,0.9983,70.0,7200.0
546C50CA090D-23335-7,546C50CA090D,23335-7,2026-08-04 23_59_11,546C50CA090D_2026_08_04_23_59_11_cd0b9f7c12,,included,,,179746.0,179693.0,60.0,0.9983,123.0,7200.0
546C50CA090D-23335-7,546C50CA090D,23335-7,2026-08-05 01_05_43,546C50CA090D_2026_08_05_01_05_43_e5a0491b15,,included,,,179750.0,179694.0,60.0,0.9983,7.0,7200.0
546C50CA090D-23335-7,546C50CA090D,23335-7,2026-08-05 02_11_46,546C50CA090D_2026_08_05_02_11_46_f9c5e0db9c,,included,,,179745.0,179687.0,60.0,0.9983,128.0,7200.0
546C50CA090D-23335-7,546C50CA090D,23335-7,2026-08-05 03_18_02,546C50CA090D_2026_08_05_03_18_02_369c641538,,included,,,179745.0,179686.0,60.0,0.9983,11.0,7200.0
546C50CA090D-23335-7,546C50CA090D,23335-7,2026-08-05 04_24_03,546C50CA090D_2026_08_05_04_24_03_bf8ee6b4ab,,included,,,179749.0,179696.0,60.0,0.9983,123.0,7200.0
546C50CA090D-23335-7,546C50CA090D,23335-7,2026-08-05 05_30_15,546C50CA090D_2026_08_05_05_30_15_d2ebd7a358,,included,,,179746.0,179688.0,60.0,0.9983,124.0,7200.0
546C50CA090D-23335-7,546C50CA090D,23335-7,2026-08-05 06_36_23,546C50CA090D_2026_08_05_06_36_23_be0fca19f7,,included,,,179747.0,179692.0,60.0,0.9983,54.0,7200.0
546C50CA090D-23335-7,546C50CA090D,23335-7,2026-08-05 08_48_36,546C50CA090D_2026_08_05_08_48_36_1e8836cedc,,included,,,179746.0,179685.0,60.0,0.9982,53.0,7200.0
546C50CA090D-23335-7,546C50CA090D,23335-7,2026-08-05 09_54_37,546C50CA090D_2026_08_05_09_54_37_e56a3f0679,,included,,,179747.0,179697.0,60.0,0.9983,190.0,7200.0
546C50CA090D-23335-7,546C50CA090D,23335-7,2026-08-05 11_00_51,546C50CA090D_2026_08_05_11_00_51_1d268a8679,,included,,,179747.0,179691.0,60.0,0.9983,75.0,7200.0
546C50CA090D-23335-7,546C50CA090D,23335-7,2026-08-05 12_07_13,546C50CA090D_2026_08_05_12_07_13_a9f6af738c,,included,,,179747.0,179687.0,60.0,0.9983,46.0,7200.0
546C50CA090D-23335-7,546C50CA090D,23335-7,2026-08-05 13_13_30,546C50CA090D_2026_08_05_13_13_30_9426c0e882,,included,,,179746.0,179689.0,60.0,0.9983,169.0,7200.0
546C50CA090D-23335-7,546C50CA090D,23335-7,2026-08-05 14_19_39,546C50CA090D_2026_08_05_14_19_39_1f7f2b515f,,included,,,179750.0,179695.0,60.0,0.9983,141.0,7200.0
546C50CA090D-23335-7,546C50CA090D,23335-7,2026-08-05 15_25_41,546C50CA090D_2026_08_05_15_25_41_d352b828b4,,included,,,179747.0,179689.0,60.0,0.9983,39.0,7200.0
546C50CA090D-23335-7,546C50CA090D,23335-7,2026-08-05 16_31_35,546C50CA090D_2026_08_05_16_31_35_219a3165df,,included,,,179745.0,179688.0,60.0,0.9983,183.0,7200.0
546C50CA090D-23335-7,546C50CA090D,23335-7,2026-08-05 18_43_32,546C50CA090D_2026_08_05_18_43_32_d1e77241f9,,included,,,179746.0,179688.0,60.0,0.9983,149.0,7200.0
546C50CA090D-23335-7,546C50CA090D,23335-7,2026-08-05 19_49_38,546C50CA090D_2026_08_05_19_49_38_706446843c,,included,,,179748.0,179698.0,60.0,0.9983,89.0,7200.0
546C50CA090D-23335-7,546C50CA090D,23335-7,2026-08-05 22_03_05,546C50CA090D_2026_08_05_22_03_05_ad7964b8a8,,included,,,179746.0,179690.0,60.0,0.9983,40.0,7200.0
546C50CA090D-23335-7,546C50CA090D,23335-7,2026-08-05 23_08_41,546C50CA090D_2026_08_05_23_08_41_bb139824c1,,included,,,179746.0,179691.0,60.0,0.9983,15.0,7200.0
546C50CA090E-23489-w2,546C50CA090E,23489-8,2026-08-07 14_52_31,546C50CA090E_2026_08_07_14_52_31_e9eab1a28a,,included,,,179386.0,179335.0,60.0,0.9963,119.0,7200.0
546C50CA090E-23489-w2,546C50CA090E,23489-8,2026-08-07 15_58_47,546C50CA090E_2026_08_07_15_58_47_e08c707c2b,,included,,,179380.0,179326.0,60.0,0.9963,76.0,7200.0
546C50CA090E-23489-w2,546C50CA090E,23489-8,2026-08-07 17_04_43,546C50CA090E_2026_08_07_17_04_43_2d3326142d,,included,,,179382.0,179327.0,60.0,0.9963,182.0,7200.0
546C50CA090E-23489-w2,546C50CA090E,23489-8,2026-08-07 18_10_46,546C50CA090E_2026_08_07_18_10_46_1209eb29e9,,included,,,179377.0,179325.0,60.0,0.9962,220.0,7200.0
